external_gene_name,transcript_id,protein_sequence
Crb1,ENS1,MKLKRTAYLLFLYLSSSLLICIKNSFCNKNNTRCLSGPCQNNSTCKHFPQDNNCCLDTANNLDKDCEDLKDPCFSSPCQGIATCVKIPGEGNFLCQCPPGYSGLNCETATNSCGGNLCQHGGTCRKDPEHPVCICPPGYAGRFCETDHNECASSPCHNGAMCQDGINGYSCFCVPGYQGRHCDLEVDECVSDPCKNEAVCLNEIGRYTCVCPQEFSGVNCELEIDECRSQPCLHGATCQDAPGGYSCDCAPGFLGEHCELSVNECESQPCLHGGLCVDGRNSYHCDCTGSGFTGMHCESLIPLCWSKPCHNDATCEDTVDSYICHCRPGYTGALCETDINECSSNPCQFWGECVELSSEGLYGNTAGLPSSFSYVGASGYVCICQPGFTGIHCEEDVDECLLHPCLNGGTCENLPGNYACHCPFDDTSRTFYGGENCSEILLGCTHHQCLNNGKCIPHFQNGQHGFTCQCLSGYAGPLCETVTTLSFGSNGFLWVTSGSHTGIGPECNISLRFHTVQPNALLLIRGNKDVSMKLELLNGCVHLSIEVWNQLKVLLSISHNTSDGEWHFVEVTIAETLTLALVGGSCKEKCTTKSSVPVENHQSICALQDSFLGGLPMGTANNSVSVLNIYNVPSTPSFVGCLQDIRFDLNHITLENVSSGLSSNVKAGCLGKDWCESQPCQNRGRCINLWQGYQCECDRPYTGSNCLKGERSGVPQSAVPLSRAISNHPGCRPLLGNIRTPQDLCWYLFTNEIKWHSHDMY
Crb1,ENS2,MNADPSLVSTVPHVRTLQGATPVTVHLDSLESTVNSALMNVKVSRVSMEVYVWMEETGIHCEEDVDECLLHPCLNGGTCENLPGNYACHCPFDDTSRTFYGGENCSEILLGCTHHQCLNNGKCIPHFQNGQHGFTCQCLSGYAGPLCETVTTLSFGSNGFLWVTSGSHTGIGPECNISLRFHTVQPNALLLIRGNKDVSMKLELLNGCVHLSIEVWNQLKVLLSISHNTSDGEWHFVEVTIAETLTLALVGGSCKEKCTTKSSVPVENHQSICALQDSFLGGLPMGTANNSVSVLNIYNVPSTPSFVGCLQDIRFDLNHITLENVSSGLSSNVKAGCLGKDWCESQPCQNRGRCINLWQGYQCECDRPYTGSNCLKEYVAGRFGQDDSTGYAAFSVNDNYGQNFSLSMFVRTRQPLGLLLALENSTYQYVSVWLEHGSLALQTPGSPKFMVNFFLSDGNVHLISLRIKPNEIELYQSSQNLGFISVPTWTIRRGDVIFIGGLPDREKTEVYGGFFKGCVQDVRLNSQTLEFFPNSTNNAYDDPILVNVTQGCPGDNTCKSNPCHNGGVCHSLWDDFSCSCPTNTAGRACEQVQWCQLSPCPPTAECQLLPQGFECIANAVFSGLSREILFRSNGNITRELTNITFAFRTHDTNVMILHAEKEPEFLNISIQDARLFFQLRSGNSFYTLHLMGSQLVNDGTWHQVTFSMIDPVAQTSRWQMEVNDQTPFVISEVATGSLNFLKDNTDIYVGDQSVDNPKGLQGCLSTIEIGGIYLSYFENLHGFPGKPQEEQFLKVSTNMVLTGCLPSNACHSSPCLHGGNCEDSYSSYRCACLSGWSGTHCEINIDECFSSPCIHGNCSDGVAAYHCRCEPGYTGVNCEVDVDNCKSHQCANGATCVPEAHGYSCLCFGNFTGRFCRHSRLPSTVCGNEKRNFTCYNGGSCSMFQEDWQCMCWPGFTGEWCEEDINECASDPCINGGLCRDLVNRFLCICDVAFAGERCELDLADDRLLGIFTAVGSGTLALFFILLLAGVASLIASNKRATQGTYSPSGQEKAGPRVEMWIRMPPPALERLI
Igsf9,ENS3,MIWCLRLTVLSLIISQGADGRRKPEVVSVVGRAGESAVLGCDLLPPAGHPPLHVIEWLRFGFLLPIFIQFGLYSPRIDPDYVGRVRLQTGASLQIEGLRVEDQGWYECRVLFLDQHSPEQDFANGSWVHLTVNSPPQFQETPPLVLEVKELEAVTLRCVARGSPQPYVTWKFRGQDLGKGQGQVQVQNGTLWIRRVERGSAGDYTCQASSSEGSITHATQLLVLGPPVIVVPPSNSTVNSSQDVSLACRAEAYPANLTYSWFQDGVNVFHISRLQSRVRILVDGSLWLQATQPDDAGHYTCVPSNGFLHPPSASAYLTVLYPAQVTVMPPETPLPTGMRGVIRCPVRANPPLLFVTWTKDGQALQLDKFPGWSLGPEGSLIIALGNENALGEYSCTPYNSLGTAGPSPVTQVLLKAPPAFIDQPKEEYFQEVGRELLIPCSARGDPPPIVSWAKVRLPGPDSALPGSVPTLSLAVFLERRFRFSQATWGGAQVTWRDEWPPW
Igsf9,ENS4,MIWCLRLTVLSLIISQGADGRRKPEVVSVVGRAGESAVLGCDLLPPAGHPPLHVIEWLRFGFLLPIFIQFGLYSPRIDPDYVGRVRLQTGASLQIEGLRVEDQGWYECRVLFLDQHSPEQDFANGSWVHLTVNSPPQFQETPPLVLEVKELEAVTLRCVARGSPQPYVTWKFRGQDLGKGQGQVQVQNGTLWIRRVERGSAGDYTCQASSSEGSITHATQLLVLGPPVIVVPPSNSTVNSSQDVSLACRAEAYPANLTYSWFQDGVNVFHISRLQSRVRILVDGSLWLQATQPDDAGHYTCVPSNGFLHPPSASAYLTVLYPAQVTVMPPETPLPTGMRGVIRCPVRANPPLLFVTWTKDGQALQLDKFPGWSLGPEGSLIIALGNENALGEYSCTPYNSLGTAGPSPVTQVLLKAPPAFIDQPKEEYFQEVGRELLIPCSARGDPPPIVSWAKVRLPGPDSALPGSVPTLSLAVFLERRFRFSQATWGGAQVTWRDEWPPW
Igsf9,ENS5,MKVAGGPMGILRPLILSPRPGLEVYPSRTQLPGLLPQPVLAGVVGGVCFLGVAVLVSILAACLMNRRRAARRHRKRLRQDPPLIFSPRGKSGSHSAPGSGSPDSVTKFKLQGSPVPSLRQSLLWGEPARPPSPHPDSPLGRGPLPLEPICRGPDGRFVMGPTVAPSQEKLCLERSEPRTSAKRLAQSFDCSSSSPSGVPQPLCITDISPVGQPLAAVPSPLPGPGPLLQYLSLPFFREMNVDGDWPPLEEPTPAPPPDFMDSQPCPTSSFLPPPDSPPANLRAVLPGTLMGVGVSSEPPYTALADWTLRERVLPGLLSAAPRGSLTSQSSGRGSASFLRPPSTAPSAGGSYLSPAPGDTSSWASGPERWPRREHVVTVSKRRNTSVDENYEWDSEFPGDMELLETWHPGLASSRTHPELEPELGVKTPEESCLLNPTHAAGPEARCAALREEFLAFRRRRDATRARLPAYQQSISYPEQATLL
Igsf9,ENS6,MIWCLRLTVLSLIISQGADGRRKPEVVSVVGRAGESAVLGCDLLPPAGHPPLHVIEWLRFGFLLPIFIQFGLYSPRIDPDYVGRVRLQTGASLQIEGLRVEDQGWYECRVLFLDQHSPEQDFANGSWVHLTVNSPPQFQETPPLVLEVKELEAVTLRCVARGSPQPYVTWKFRGQDLGKGQGQVQVQNGTLWIRRVERGSAGDYTCQASSSEGSITHATQLLVLGPPVIVVPPSNSTVNSSQDVSLACRAEAYPANLTYSWFQDGVNVFHISRLQSRVRILVDGSLWLQATQPDDAGHYTCVPSNGFLHPPSASAYLTVLYPAQVTVMPPETPLPTGMRGVIRCPVRANPPLLFVTWTKDGQALQLDKFPGWSLGPEGSLIIALGNENALGEYSCTPYNSLGTAGPSPVTQVLLKAPPAFIDQPKEEYFQEVGRELLIPCSARGDPPPIVSWAKVGRGLQGQAQVDSNNSLVLRPLTKEAQGRWECSASNAVARVTTSTNVYVLGTSPHVVTNVSVVPLPKGANVSWEPGFDGGYLQRFSVWYTPLAKRPDRAHHDWVSLAVPIGATHLLVPGLQAHAQYQFSVLAQNKLGSGPFSEIVLSIPEGLPTTPAAPGLPPTEIPPPLSPPRGLVAVRTPRGVLLHWDPPELIPGRLDGYILEGRQGSQGWEILDQGVAGTEIQLLVPGLIKVRAGGNIAREGPVSSSFLIPSSHPDLAIFTSCPTSFLPPNCSLHKRDYGGQCWS
Adgrl1,ENS7,MPPLHPEPPETLPAGAALDSSLGAASLRPFLSYLLRLPAERSPDSIRDPRRRIDSPKPPCQRTLQKVLEPTSTHESEHQSGAWCKDPLQAGDRIYVMPWIPYRTDTLTEYASWEDYVAARHTTTYRLPNRVDGTGFVVYDGAVFYNKERTRNIVKYDLRTRIKSGETVINTANYHDTSPYRWGGKTDIDLAVDENGLWVIYATEGNNGRLVVSQLNPYTLRFEGTWETGYDKRSASNAFMVCGVLYVLRSVYVDDDSEAAGNRVDYAFNTNANREEPVSLAFPNPYQFVSSVDYNPRDNQLYVWNNYFVVRYSLEFGPPDPSAGPATSPPLSTTTTARPTPLTSTASPAATTPLRRAPLTTHPVGAINQLGPDLPPATAPAPSTRRPPAPNLHVSPELFCEPREVRRVQWPATQQGMLVERPCPKGTRGIASFQCLPALGLWNPRGPDLSNCTSPWVNQVAQKIKSGENAANIASELARHTRGSIYAGDVSSSVKLMEQLLDILDAQLQALRPIERESAGKNYNKMHKRERTCKDYIKAVVETVDNLLRPEALESWKDMNATEQVHTATMLLDVLEEGAFLLADNVREPARFLAAKQNVVLEVTVLNTEGQVQELVFPQEYPSENSIQLSANTIKQNSRNGVVKVVFILYNNLGLFLSTENATVKLAGEAGTGGPGGASLVVNSQVIAASINKESSRVFLMDPVIFTVAHLEAKNHFNANCSFWNYSERSMLGYWSTQGCRLVESNKTHTTCACSHLTNFAVLMAHREIYQGRINELLLSVITWVGIVISLVCLAICISTFCFLRGLQTDRNTIHKNLCINLFLAELLFLVGIDKTQYEVACPIFAGLLHYFFLAAFSWLCLEGVHLYLLLVEVFESEYSRTKYYYLGGYCFPALVVGIAAAIDYRSYGTEKACWLRVDNYFIWSFIGPVSFVIVVNLVFLMVTLHKMIRSSSVLKPDSSRLDNIKSWALGAIALLFLLGLTWAFGLLFINKESVVMAYLFTTFNAFQGVFIFVFHCALQKKVHKEYSKCLRHSYCCIRSPPGGTHGSLKTSAMRSNTRYYTGTQSRIRRMWNDTVRKQTESSFMAGDINSTPTLNRGTMGNHLLTNPVLQPRGGTSPYNTLIAESVGFNPSSPPVFNSPGSYREPKHPLGGREACGMDTLPLNGNFNNSYSLRSGDFPPGDGGPEPPRGRNLADAAAFEKMIISELVHNNLRGASGGAKGPPPEPPVPPVPGVSEDEAGGPGSADRAEIELLYKALEEPLLLPRAQSVLYQSDLDESESCTAEDGATSRPLSSPPGRDSLYASGANLRDSPSYPDSSPEGPNEALPPPPPAPPGPPEIYYTSRPPALVARNPLQGYYQVRRPSHEGYLAAPSLEGPGPDGDGQMQLVTSL
Adgrl1,ENS8,MPPLHPEPPETLPAGAALDSSLGAASLRPFLSYLLRLPAERSPDSIRDPRRRIDSPKPPCQRTLQKVLEPTSTHESEHQSGAWCKDPLQAGDRIYVMPWIPYRTDTLTEYASWEDYVAARHTTTYRLPNRVDGTGFVVYDGAVFYNKERTRNIVKYDLRTRIKSGETVINTANYHDTSPYRWGGKTDIDLAVDENGLWVIYATEGNNGRLVVSQLNPYTLRFEGTWETGYDKRSASNAFMVCGVLYVLRSVYVDDDSEAAGNRVDYAFNTNANREEPVSLAFPNPYQFVSSVDYNPRDNQLYVWNNYFVVRYSLEFGPPDPSAGPATSPPLSTTTTARPTPLTSTASPAATTPLRRAPLTTHPVGAINQLGPDLPPATAPAPSTRRPPAPNLHVSPELFCEPREVRRVQWPATQQGMLVERPCPKGTRGIASFQCLPALGLWNPRGPDLSNCTSPWVNQVAQKIKSGENAANIASELARHTRGSIYAGDVSSSVKLMEQLLDILDAQLQALRPIERESAGKNYNKMHKRERTCKDYIKAVVETVDNLLRPEALESWKDMNATEQVHTATMLLDVLEEGAFLLADNVREPARFLAAKQNVVLEVTVLNTEGQVQELVFPQEYPSENSIQLSANTIKQNSRNGVVKVVFILYNNLGLFLSTENATVKLAGEAGTGGPGGASLVVNSQVIAASINKESSRVFLMDPVIFTVAHLEAKNHFNANCSFWNYSERSMLGYWSTQGCRLVESNKTHTTCACSHLTNFAVLMAHREIYQGRINELLLSVITWVGIVISLVCLAICISTFCFLRGLQTDRNTIHKNLCINLFLAELLFLVGIDKTQYEVACPIFAGLLHYFFLAAFSWLCLEGVHLYLLLVEVFESEYSRTKYYYLGGYCFPALVVGIAAAIDYRSYGTEKACWLRVDNYFIWSFIGPVSFVIVVNLVFLMVTLHKMIRSSSVLKPDSSRLDNIKSWALGAIALLFLLGLTWAFGLLFINKESVVMAYLFTTFNAFQGVFIFVFHCALQKKVHKEYSKCLRHSYCCIRSPPGGTHGSLKTSAMRSNTRYYTGTQSRIRRMWNDTVRKQTESSFMAGDINSTPTLNRGTMGNHLLTNPVLQPRGGTSPYNTLIAESVGFNPSSPPVFNSPGSYREPKHPLGGREACGMDTLPLNGNFNNSYSLRSGDFPPGDGGPEPPRGRNLADAAAFEKMIISELVHNNLRGASGGAKGPPPEPPVPPVPGVSEDEAGGPGSADRAEIELLYKALEEPLLLPRAQSVLYQSDLDESESCTAEDGATSRPLSSPPGRDSLYASGANLRDSPSYPDSSPEGPNEALPPPPPAPPGPPEIYYTSRPPALVARNPLQGYYQVRRPSHEGYLAAPSLEGPGPDGDGQMQLVTSL
Adgrl2,ENS9,MIESANYGRTDDKICDADPFQMENTDCYLPDAFKIMTQRCNNRTQCIVVTGSDVFPDPCPGTYKYLEVQYECVPYIFVCPGTLKAIVDSPCIYEAEQKSGAWCKDPLQAADKIYFMPWTPYRTDTLIEYASLEDFQNSRQTTTYKLPNRVDGTGFVVYDGAVFFNKERTRNIVKFDLRTRIKSGEAIINYANYHDTSPYRWGGKTDIDLAVDENGLWVIYATEQNNGMIVISQLNPYTLRFEATWETAYDKRAASNAFMICGVLYVVRSVYQDNESEAGKNTIDYIYNTRLSRGEYVDVPFPNQYQYIAAVDYNPRDNQLYVWNNNFILRYSLEFGPPDPAQVPTTAVTITSSAELFKTTISTTSSASQRGPVSSTAAGPQDGSRGTKPPPAVSTTKIPPVTNIFPLPERFCEALDWKGIKWPQTQRGMMVERPCPKGTRGTASYLCMASTGTWNPKGPDLSNCTSHWVNQLAQKIRSGENAASLANELAKHTKGHVFAGDVSSSVRLMEQLVDILDAQLQELKPSEKDSAGRSYNKAIVDTVDNLLRAEALESWKHMNSSEQAHTATMLLDTLEEGAFVLADNLLEPTRVSMPTENIVLEVAVLSTEGQVQDFKFPLGLKGLGSSIQLSANTVKQNSRNGLAKLVFIIYRSLGQFLSTENATIKLGADLMGRNSTIAVNSPVISVSINKESSRVYLTDPVLFTLPHIDPDNYFNANCSFWNYSERTMMGYWSTQGCKLVDTNKTRTTCACSHLTNFAILMAHREIAYKDGVHHLLLTVITWVGIVVSLVCLAICIFTFCFFRGLQSDRNTIHKNLCINLFIAEFIFLIGIDKTKYTIACPVFAGLLHFFFLAAFSWMCLEGVQLYLMLVEVFESEYSRKKYYYVAGYLFPATVVGVSAAIDYKSYGTVQACWLHVDNYFIWSFIGPVTFIILLNIIFLVITLCKMVKHSNTLKPDSSRLENIKSWVLGAFALLCLLGLTWSFGLLFVNEETVVMAYLFTAFNAFQGLFIFIFHCALQKKVRKEYGKCFRHWYCCGGLPTESPHSSVKASTTRTSARYSSGTQSRIRRMWNDTVRKQSESSFISGDINSTSTLNQGQLTGEPRGQREGCACASLD
Adgrl2,ENS10,MIESANYGRTDDKICDADPFQMENTDCYLPDAFKIMTQRCNNRTQCIVVTGSDVFPDPCPGTYKYLEVQYECVPYIFVCPGTLKAIVDSPCIYEAEQKSGAWCKDPLQAADKIYFMPWTPYRTDTLIEYASLEDFQNSRQTTTYKLPNRVDGTGFVVYDGAVFFNKERTRNIVKFDLRTRIKSGEAIINYANYHDTSPYRWGGKTDIDLAVDENGLWVIYATEQNNGMIVISQLNPYTLRFEATWETAYDKRAASNAFMICGVLYVVRSVYQDNESEAGKNTIDYIYNTRLSRGEYVDVPFPNQYQYIAAVDYNPRDNQLYVWNNNFILRYSLEFGPPDPAQVPTTAVTITSSAELFKTTISTTSSASQRGPVSSTAAGPQDGSRGTKPPPAVSTTKIPPVTNIFPLPERFCEALDWKGIKWPQTQRGMMVERPCPKGTRGTASYLCMASTGTWNPKGPDLSNCTSHWVNQLAQKIRSGENAASLANELAKHTKGHVFAGDVSSSVRLMEQLVDILDAQLQELKPSEKDSAGRSYNKAIVDTVDNLLRAEALESWKHMNSSEQAHTATMLLDTLEEGAFVLADNLLEPTRVSMPTENIVLEVAVLSTEGQVQDFKFPLGLKGLGSSIQLSANTVKQNSRNGLAKLVFIIYRSLGQFLSTENATIKLGADLMGRNSTIAVNSPVISVSINKESSRVYLTDPVLFTLPHIDPDNYFNANCSFWNYSERTMMGYWSTQGCKLVDTNKTRTTCACSHLTNFAILMAHREIAYKDGVHHLLLTVITWVGIVVSLVCLAICIFTFCFFRGLQSDRNTIHKNLCINLFIAEFIFLIGIDKTKYTIACPVFAGLLHFFFLAAFSWMCLEGVQLYLMLVEVFESEYSRKKYYYVAGYLFPATVVGVSAAIDYKSYGTVQACWLHVDNYFIWSFIGPVTFIILLNIIFLVITLCKMVKHSNTLKPDSSRLENIKSWVLGAFALLCLLGLTWSFGLLFVNEETVVMAYLFTAFNAFQGLFIFIFHCALQKKVRKEYGKCFRHWYCCGGLPTESPHSSVKASTTRTSARYSSGTQSRIRRMWNDTVRKQSESSFISGDINSTSTLNQGHSLNNARDTSAMDTLPLNGNFNNSYSLRKADYHDGVQVVDCGLSLNDTAFEKMIISELVHNNLRGGNKTHNLELKLPVKPVIGGSSSEDDAIVADASSLMHGDNPGLEFRHKELEAPLIPQRTHSLLYQPQKKVKPEATDSYVSQLTAEADDHLQSPNRDSLYTSMPNLRDSPYPESSPDMAEDLSPSRRSENEDIYYKSMPNLGAGRHLHMCYQISRGNSDGYIIPINKEGCIPEGDVREGQMQLVTSL
Adgrl2,ENS11,MLKIEVEQKVFVCPGTLKAIVDSPCIYEAEQKSGAWCKDPLQAADKIYFMPWTPYRTDTLIEYASLEDFQNSRQTTTYKLPNRVDGTGFVVYDGAVFFNKERTRNIVKFDLRTRIKSGEAIINYANYHDTSPYRWGGKTDIDLAVDENGLWVIYATEQNNGMIVISQLNPYTLRFEATWETAYDKRAASNAFMICGVLYVVRSVYQDNESEAGKNTIDYIYNTRLSRGEYVDVPFPNQYQYIAAVDYNPRDNQLYVWNNNFILRYSLEFGPPDPAQVPTTAVTITSSAELFKTTISTTSSASQRGPVSSTAAGPQDGSRGTKPPPAVSTTKIPPVTNIFPLPERFCEALDWKGIKWPQTQRGMMVERPCPKGTRGTASYLCMASTGTWNPKGPDLSNCTSHWVNQLAQKIRSGENAASLANELAKHTKGHVFAGDVSSSVRLMEQLVDILDAQLQELKPSEKDSAGRSYNKLQKREKTCRAYLKAIVDTVDNLLRAEALESWKHMNSSEQAHTATMLLDTLEEGAFVLADNLLEPTRVSMPTENIVLEVAVLSTEGQVQDFKFPLGLKGLGSSIQLSANTVKQNSRNGLAKLVFIIYRSLGQFLSTENATIKLGADLMGRNSTIAVNSPVISVSINKESSRVYLTDPVLFTLPHIDPDNYFNANCSFWNYSERTMMGYWSTQGCKLVDTNKTRTTCACSHLTNFAILMAHREIAYKDGVHHLLLTVITWVGIVVSLVCLAICIFTFCFFRGLQSDRNTIHKNLCINLFIAEFIFLIGIDKTKYTIACPVFAGLLHFFFLAAFSWMCLEGVQLYLMLVEVFESEYSRKKYYYVAGYLFPATVVGVSAAIDYKSYGTVQACWLHVDNYFIWSFIGPVTFIILLNIIFLVITLCKMVKHSNTLKPDSSRLENINNYRVCDGYYNTDLPGYEDNKPFIKSWVLGAFALLCLLGLTWSFGLLFVNEETVVMAYLFTAFNAFQGLFIFIFHCALQKYEKSMASASDTGTAVAASRPRARTAL
Adgrl3,ENS12,MTRSVTRTLLRWRTFGVICQMPIRLCLKVFLCPGLLKGVYQSEHLFESDHQSGAWCKDPLQASDKIYYMPWTPYRTDTLTEYSSKDDFIAGRPTTTYKLPHRVDGTGFVVYDGALFFNKERTRNIVKFDLRTRIKSGEAIIANANYHDTSPYRWGGKSDIDLAVDENGLWVIYATEQNNGKIVISQLNPYTLRIEGTWDTAYDKRSASNAFMICGILYVVKSVYEDDDNEATGNKIDYIYNTDQSKDSLVDVPFPNSYQYIAAVDYNPRDNLLYVWNNYHVVKYSLDFGPLDSRSGPVHHGQVSYISPPIHLDSELERPPVRGISTTGSLGMGSTTTSTTLRTTTWNIGRSTTASLPGRRNRSTSTPSPAVEVLDDVTTHLPSAASQIPAMEESCEAVEAREIMWFKTRQGQVAKQPCPAGTIGVSTYLCLAPDGIWDPQGPDLSNCSSPWVNHITQKLKSGETAANIARELAEQTRNHLNAGDITYSVRAMDQLVGLLDVQLRNLTPGGKDSAARSLNKAMVETVNNLLQPQALNAWRDLTTSDQLRAATMLLDTVEESAFVLADNLLKTDIVRENTDNIRK
Nrcam,ENS13,MQLKIMPKKKHLSAGGVPLILFLCQMISALDVPLDPKLLHDLVQPPTITQQSPKDYIIDPRENIVIQCEAKGKPPPSFSWTRNGTHFDIDKDPLVTMKPGSGTLVINIMSEGKAETYEGVYQCTARNERGAAVSNNIVVRPSRSPLWTKERLEPIVLQNGQSLVLPCRPPIGLPPAIIFWMDNSFQRLPQSERVSQGLNGDLYFSNVLPEDTREDYICYARFNHTQTIQQKQPISLKVISVDELNDTIAANLSDTEFYGAKSSKERPPTFLTPEGNESHKEELRGNVLSLECIAEGLPTPIIYWIKEDGMLPANRTFYRNFKKTLQITHVSEADSGNYQCIAKNALGAVHHTISVTVKAAPYWIVAPQNLVLSPGENGTLICRANGNPKPRISWLTNGVPIEIALDDPSRKIDGDTIIFSNVQESSSAVYQCNASNKYGYLLANAFVNVLAEPPRILTSANTLYQVIANRPALLDCAFFGSPMPTIEWFKGTKGSALHEDIYVLHDNGTLEIPVAQKDSTGTYTCVARNKLGMAKNEVHLEIKDPTRIIKQPEYAVVQRGSKVSFECRVKHDHTLIPTIMWLKDNGELPNDERFSTDKDHLVVSDVKDDDGGTYTCTANTTLDSASASAVLRVVAPTPTPAPIYDVPNPPFDLELTNQLDKSVQLTWTPGDDNNSPITKFIIEYEDAMHDAGLWRHQAEVSGTQTTAQLKLSPYVNYSFRVMAENSIGRSMPSEASEQYLTKAAEPDQNPMAVEGLGTEPDNLVITWKPLNGFQSNGPGLQYKVSWRQKDGDDEWTSVVVANVSKYIVSGTPTFVPYLIKVQALNDVGFAPEPAAVMGHSGEDLPMVAPGNVRVSVVNSTLAEVHWDPVPPKSVRGHLQGYRIYYWKTQSSSKRNRRHIEKKILTFQGTKTHGMLPGLQPYSHYALNVRVVNGKGEGPASTDRGFHTPEGVPSAPSSLKIVNPTLDSLTLEWDPPSHPNGILTEYILQYQPINSTHELGPLVDLKIPANKTRWTLKNLNFSTRYKFYFYAQTSVGPGSQITEEAITTVDEGKKGMYTIHIITNTGEFKRH
Nrcam,ENS14,MQLKIMPKKKHLSAGGVPLILFLCQMISALDVPLDPKLLHDLVQPPTITQQSPKDYIIDPRENIVIQCEAKGKPPPSFSWTRNGTHFDIDKDPLVTMKPGSGTLVINIMSEGKAETYEGVYQCTARNERGAAVSNNIVVRPSRSPLWTKERLEPIVLQNGQSLVLPCRPPIGLPPAIIFWMDNSFQRLPQSERVSQGLNGDLYFSNVLPEDTREDYICYARFNHTQTIQQKQPISLKVISVDELNDTIAANLSDTEFYGAKSSKERPPTFLTPEGNESHKEELRGNVLSLECIAEGLPTPIIYWIKEDGMLPANRTFYRNFKKTLQITHVSEADSGNYQCIAKNALGAVHHTISVTVKAAPYWIVAPQNLVLSPGENGTLICRANGNPKPRISWLTNGVPIEIALDDPSRKIDGDTIIFSNVQESSSAVYQCNASNKYGYLLANAFVNVLAEPPRILTSANTLYQVIANRPALLDCAFFGSPMPTIEWFKGTKGSALHEDIYVLHDNGTLEIPVAQKDSTGTYTCVARNKLGMAKNEVHLEIKDPTRIIKQPEYAVVQRGSKVSFECRVKHDHTLIPTIMWLKDNGELPNDERFSTDKDHLVVSDVKDDDGGTYTCTANTTLDSASASAVLRVVAPTPTPAPIYDVPNPPFDLELTNQLDKSVQLTWTPGDDNNSPITRLWRHQAEVSGTQTTAQLKLSPYVNYSFRVMAENSIGRSMPSEASEQYLTKAAEPDQNPMAVEGLGTEPDNLVITWKPLNGFQSNGPGLQYKVSWRQKDGDDEWTSVVVANVSKYIVSGTPTFVPYLIKVQALNDVGFAPEPAAVMGHSGEDLPMVAPGNVRVSVVNSTLAEVHWDPVPPKSVRGHLQGYRIYYWKTQSSSKRNRRHIEKKILTFQGTKTHGMLPGLQPYSHYALNVRVVNGKGEGPASTDRGFHTPEGVPSAPSSLKIVNPTLDSLTLEWDPPSHPNGILTEYILQYQPINSTHELGPLVDLKIPANKTRWTLKNLNFSTRYKFYFYAQTSVGPGSQITEEAITTVDEAGIPPPDVGAGKAMASRQVDIATQGWFIGLMCAVALLILILLIVCFIRRNKGGKYPVKEKEDAHADPEIQPMKEDDGTFGEYSDAEDHKPLKKGSRTPSDRTVKKEDSDDSLVDYGEGVNGQFNEDGSFIGQYSGKKEKEPAEGNESSEAPSPVNAMNSFV
Nrcam,ENS15,MQLKIMPKKKHLSAGGVPLILFLCQMISALDVPLDLVQPPTITQQSPKDYIIDPRENIVIQCEAKGKPPPSFSWTRNGTHFDIDKDPLVTMKPGSGTLVINIMSEGKAETYEGVYQCTARNERGAAVSNNIVVRPSRSPLWTKERLEPIVLQNGQSLVLPCRPPIGLPPAIIFWMDNSFQRLPQSERVSQGLNGDLYFSNVLPEDTREDYICYARFNHTQTIQQKQPISLKVISVDELNDTIAANLSDTEFYGAKSSKERPPTFLTPEGNESHKEELRGNVLSLECIAEGLPTPIIYWIKEDGMLPANRTFYRNFKKTLQITHVSEADSGNYQCIAKNALGAVHHTISVTVKAAPYWIVAPQNLVLSPGENGTLICRANGNPKPRISWLTNGVPIEIALDDPSRKIDGDTIIFSNVQESSSAVYQCNASNKYGYLLANAFVNVLAEPPRILTSANTLYQVIANRPALLDCAFFGSPMPTIEWFKGTKGSALHEDIYVLHDNGTLEIPVAQKDSTGTYTCVARNKLGMAKNEVHLEIKDPTRIIKQPEYAVVQRGSKVSFECRVKHDHTLIPTIMWLKDNGELPNDERFSTDKDHLVVSDVKDDDGGTYTCTANTTLDSASASAVLRVVDVPNPPFDLELTNQLDKSVQLTWTPGDDNNSPITKFIIEYEDAMHDAGLWRHQAEVSGTQTTAQLKLSPYVNYSFRVMAENSIGRSMPSEASEQYLTKAAEPDQNPMAVEGLGTEPDNLVITWKPLNGFQSNGPGLQYKVSWRQKDGDDEWTSVVVANVSKYIVSGTPTFVPYLIKVQALNDVGFAPEPAAVMGHSGEDLPMVAPGNVRVSVVNSTLAEVHWDPVPPKSVRGHLQGYRIYYWKTQSSSKRNRRHIEKKILTFQGTKTHGMLPGLQPYSHYALNVRVVNGKGEGPASTDRGFHTPEGVPSAPSSLKIVNPTLDSLTLEWDPPSHPNGILTEYILQYQPINSTHELGPLVDLKIPANKTRWTLKNLNFSTRYKFYFYAQTSVGPGSQITEEAITTVDEAMASRQVDIATQGWFIGLMCAVALLILILLIVCFIRRNKGGKYPVKEKEDAHADPEIQPMKEDDGTFGEYSDAEDHKPLKKGSRTPSDRTVKKEDSDDSLVDYGEGVNGQFNEDGSFIGQYSGKKEKEPAEGNESSEAPSPVNAMNSFV
Nrxn3,ENS16,MGCLKEVVYKNNDIRLELSRLARIGDTKMKIYGEVVFKCENVATLDPINFETPEAYISLPKWNTKRMGSISFDFRTTEPNGLILFTHGKPQERKDVRSQKNTKVDFFAVELLDGNLYLLLDMGSGTIKVKATQKKANDGEWYHVDIQRDGRSGTISVNSRRTPFTASGESEILDLEGDMYLGGLPENRAGLILPTELWTAMLNYGYVGCIRDLFIDGRSKNIRQLAEMQNAAGVKSSCSRMSAKQCDSYPCKNNAVCKDGWNRFICDCTGTGYWGRTCEREASILSYDGSMYMKVIMPMVMHTEAEDVSFRFMSQRAYGLLVATTSRDSADTLRLELDGGRVKLMVNLDCIRINCNSSKGPETLYAGQKLNDNEWHTVRVVRRGKSLKLTVDDDVAEGTMVGDHTRLEFHNIETGIMTEKRYISVVPSSFIGHLQSLMFNGLLYIDLCKNGDIDYCELKARFGLRNIIADPVTFKTKSSYLTLATLQAYTSMHLFFQFKTTSADGFILFNSGDGNDFIAVELVKGYIHYVFDLGNGPNVIKGNSDRPLNDNQWHNVVITRDSSNTHSLKVDTKVVTQVINGAKNLDLKGDLYMAGLAQGMYSNLPKLVASRDGFQGCLASVDLNGRLPDLINDALHRSGQIERGCEGPSTTCQEDSCANQGVCMQQWEGFTCDCSMTSYSGNQCNDPGATYIFGKSGGLILYTWPANDRPSTRSDRLAVGFSTTVKDGILVRIDSAPGLGDFLQLHIEQGKIGVVFNIGTVDISIKEERTPVNDGKYHVVRFTRNGGNATLQVDNWPVNEHYPTGNTDNERLQMVKQKIPFKYNRPVEEWLQEKGRQLTIFNTQAQIAIGGKDKGRLFQGQLSGLYYDGLKVLNMAAENNPNIKINGSVRLVGEVPSVSGTTQTTSMPPEMSTTVMETTTTMATTTTRKNRSTASIQPTSDDLVSSAECSSDDEDFVECEPSTGRSGRVFPLQSSKVATKHMRPSGNPRTLDLTKSRKLVELQPPLCPLS
Nrxn3,ENS17,MSFTLHSVFFTLKVSIFLGSLVGLCLGLEFMGLPNQWARYLRWDASTRSDLSFQFKTNVSTGLLLYLDDGGVCDFLCLSLVDGRVQLRFSMDCAETTVLSNKQVNDSSWHFLMVSRDRVRTGLVIDGEGQSGELRPQRPYMDVVSDLFLGGVPADIRPSALTLDGVQSMPGFKGLMLDLKYGNSEPRLLGSQSVQLEAEGPCGERPCENGGICFLLDGHPTCDCSTTGYGGTLCSEDVSQGPGLSHLMMSEQAREENVATFRGSEYLCYDLSQNPIQSSSDEITLSFKTWQRNGLILHTGKSADYVNLALKDGAVSLVINLGSGAFEAIVEPVNGKFNDNAWHDVKVTRNLRQVMVTISVDGILTTTGYTQEDYTMLGSDDFFYVGGSPSTADLPGSPVSNNFMGCLKEVVYKNNDIRLELSRLARIGDTKMKIYGEVVFKCENVATLDPINFETPEAYISLPKWNTKRMGSISFDFRTTEPNGLILFTHGKPQERKDVRSQKNTKVDFFAVELLDGNLYLLLDMGSGTIKVKATQKKANDGEWYHVDIQRDGRSGTISVNSRRTPFTASGESEILDLEGDMYLGGLPENRAGLILPTELWTAMLNYGYVGCIRDLFIDGRSKNIRQLAEMQNAAGVKSSCSRMSAKQCDSYPCKNNAVCKDGWNRFICDCTGTGYWGRTCEREASILSYDGSMYMKVIMPMVMHTEAEDVSFRFMSQRAYGLLVATTSRDSADTLRLELDGGRVKLMVNLDCIRINCNSSKGPETLYAGQKLNDNEWHTVRVVRRGKSLKLTVDDDVAEGTMVGDHTRLEFHNIETGIMTEKRYISVVPSSFIGHLQSLMFNGLLYIDLCKNGDIDYCELKARFGLRNIIADPVTFKTKSSYLTLATLQAYTSMHLFFQFKTTSADGFILFNSGDGNDFIAVELVKGYIHYVFDLGNGPNVIKGNSDRPLNDNQWHNVVITRDSSNTHSLKVDTKVVTQVINGAKNLDLKGDLYMAGLAQGMYSNLPKLVASRDGFQGCLASVDLNGRLPDLINDALHRSGQIERGCEGPSTTCQEDSCANQGVCMQQWEGFTCDCSMTSYSGNQCNDPGATYIFGKSGGLILYTWPANDRPSTRSDRLAVGFSTTVKDGILVRIDSAPGLGDFLQLHIEQGKIGVVFNIGTVDISIKEERTPVNDGKYHVVRFTRNGGNATLQVDNWPVNEHYPTGNTDNERLQMVKQKIPFKYNRPVEEWLQEKGRQLTIFNTQAQIAIGGKDKGRLFQGQLSGLYYDGLKVLNMAAENNPNIKINGSVRLVGEVPSVSGTTQTTSMPPEMSTTVMETTTTMATTTTRKNRSTASIQPTSDDLVSSAECSSDDEDFVECEPSTGGELVIPLLVEDPLATPPIATRVPSITLPPTFRPLLTIIETTKDSLSMTSEAGLPCLSDQGSDGCDDDGLVISGYGSGETFDSNLPPTDDEDFYTTFSLVTDKSLSTSIFEGGYKAHAPKWESKDFRPNKVSETSRTTTTSLSPELIRFTASSSSGMVPKLPAGKMNNRDLKPQPDIVLLPLPTAYELDSTKLKSPLITSPMFRNVPTANPTEPGIRRVPGASEVIRESSSTTGMVVGIVAAAALCILILLYAMYKYRNRDEGSYQVDETRNYISNSAQSNGTLMKEKQASSKSGHKKQKNKDKEYYV
Ptprf,ENS18,MPGGSVNLTCVAVGAPMPYVKWMMGAEELTKEDEMPVGRNVLELSNVMRSANYTCVAISSLGMIEATAQVTVKALPKPPIDLVVTETTATSVTLTWDSGNTEPVSFYGIQYRAAGTDGPFQEVDGVASTRYSIGGLSPFSEYAFRVLAVNSIGRGPPSEAVRARTGEQAPSSPPRRVQARMLSASTMLVQWEPPEEPNGLVRGYRVYYTPDSRRPLSAWHKHNTDAGLLTTVGSLLPGITYSLRVLAFTAVGDGPPSPTIQVKTQQGVPAQPADFQANAESDTRIQLSWLLPPQERIVKYELVYWAAEDEGQQHKVTFDPTSSYTLEDLKPDTLYHFQLAARSDLGVGVFTPTVEARTAQSTPSAPPQKVTCVSTGSTTVRVSWVPPPADSRNGIITQYSVAYEAVDGEDRKRHVVDGISREHSSWDLLGLEKWTEYRVWVRAHTDVGPGPESSPVLVRTDEDVPSGPPRKVEVEPLNSTAVHVSWKLPVPNKQHGQIRGYQVTYVRLENGEPRGQPIIQDVMLAEAQETTISGLTPETTYSITVAAYTTKGDGARSKPKVVTTTGAVPGRPTMMVSTTAMHTALLQWHPPKELPGELLGYRLQYRRADEARPNTIDFGKDDQHFTVTGLHKGATYVFRLAAKNRAGPGEEFEKEITTPEDVPSGFPQNLRVTGLTTSTTELTWDPPVLAERNGHITNYTVVYRDINSQLELQNVTNDTHLTLLGLKPDTTYDIKVRAHTSKGAGPLSPSIQSRTMPVEQVFAKNFRVAAAMKTSVLLSWEVPDSYKSAVPFKILYNGQSVEVDGHSMRKLIADLQPNTEYSFVLMNRGSSAGGLQHLVSIRTAPDLLPQKPLPASAFIEDGRFSLSMPQVQDPSLVRWFYIVVVPIDRVGGNLLAPRWNTPEELELDELLEAIEQGEEKQRRRRRQAERLKPYVAAQVDVLPDTFTLGDKKSYRGFYNRPLSPDLSYQCFVLASLKEPMDQKRYASSPYSDEIVVQVTPAQQQEEPEMLWVTGPVLAVILIILIVIAILLFKRKRTHSPSSKDEQSIGLKDSLLAHSSDPVEMRRLNYQTPVLASRALRSLSVLRC
Ptprs,ENS19,MRLGGHAHCYAPPAFLRSRAVSAAAAAGTGDRAGRAGPGRKAEGTADHRDNRGRPTRPLASARFLLGHLSLSPCLPPPSVSPKNFKVKMIMKTSVLLSWEFPDNYNSPTPYKIQYNGLTLDVDGRTTKKLITHLKPHTFYNFVLTNRGSSLGGLQQTVTARTAFNMLSGKPSVAPKPDNDGFIVVYLPDGQSPVTVQNYFIVMVPLRKSRGGQFPVLLGSPEDMDLEELIQDISRLQRRSLRHSRQLEVPRPYIAARFSILPAVFHPGNQKQYGGFDNRGLEPGHRYVLFVLAVLQKNEPTFAASPFSDPFQLDNPDPQPIVDGEEGLIWVIGPVLAVVFIICIVIAILLYKNKPDSKRKDSEPRTKCLLNNADLAPHHPKDPVEMRRINFQTPGMLSHPPIPITDMAEHMERLKANDSLKLSQEYESIDPGQQFTWEHSNLEANKPKNRYANVIAYDHSRVILQPLEGIMGSDYINANYVDGYRRQNAYIATQGPLPETFGDFWRMVWEQRSATVVMMTRLEEKSRIKCDQYWPNRGTETYGFIQVTLLDTMELATFCVRTFSLHKNGSSEKREVRHFQFTAWPDHGVPEYPTPFLAFLRRVKTCNPPDAGPIVVHCSAGVGRTGCFIVIDAMLERIKTEKTVDVYGHVTLMRSQRNYMVQTEDQYGFIHEALLEAVGCGNTEVPARSLYTYIQKLAQVEPGEHVTGMELEFKRLASSKAHTSRFITASLPCNKFKNRLVNILPYESSRVCLQPIRGVEGSDYINASFIDGYRQQKAYIATQGPLAETTEDFWRALWENNSTIVVMLTKLREMGREKCHQYWPAERSARYQYFVVDPMAEYNMPQYILREFKVTDARDGQSRTVRQFQFTDWPEQGAPKSGEGFIDFIGQVHKTKEQFGQDGPISVHCSAGVGRTGVFITLSIVLERMRYEGVVDIFQTVKVLRTQRPAMVQTEDEYQFCFQAALEYLGSFDHYAT
Ptprd,ENS20,MVPVARPLSLLLTFFLCACAETPPRFTRTPVDQTGVSGGVASFICQATGDPRPKIVWNKKGKKVSNQRFEVIEFDDGSGSVLRIQPLRTPRDEAIYECVASNNVGEISVSTRLTVLREDQIPRGFPTIDMGPQLKVVERTRTATMLCAASGNPDPEITWFKDFLPVDTSNNNGRIKQLRSESIGGTPIRGALQIEQSEESDQGKYECVATNSAGTRYSAPANLYVRELREVRRVPPRFSIPPTNHEIMPGGSVNITCVAVGSPMPYVKWMLGAEDLTPEDDMPIGRNVLELNDVRQSANYTCVAMSTLGVIEAIAQITVKALPKPPGTPVVTESTATSITLTWDSGNPEPVSYYIIQHKPKNSEEPYKEIDGIATTRYSVAGLSPYSDYEFRVVAVNNIGRGPASEPVLTQTSEQAPSSAPRDVQARMLSSTTILVQWKEPEEPNGQIQGYRVYYTMDPTQHVNNWMKHNVADSQITTIGNLVPQKTYSVKVLAFTSIGDGPLSSDIQVITQTGVPGQPLNFKAEPESETSILLSWTPPRSDTIASYELVYRDGDQGEEQRITIEPGTSYRLQGLKPNSLYYFRLSARSPQGLGASTAEISARTMQSIPSGPPRKVEVEAVNATAVKVSWRSPVPNKQHGQIRGYQVHYVKMENGEPKGQPMLKDVMLADAQWEFDDTTEHDMIISGLQPETSYSLTVTAYTTKGDGARSKPKLVSTTGAVPGKPRLVINHTQMNTALIQWHPPVDTFGPLQGYRLKFGRKDMEPLTTLEFSEKEDHFTATDIHKGASYVFRLSARNKVGFGEEMVKEISVPEEIPTGFPQNLHSEGTTSTSVQLSWQPPVLAERNGVITKYTLLYRDINVPLLPMEHLIVPADTSMTLTGLKSDTTYDVKVRAHTSKGPGPYSPSVQFRTLPVDQVFAKNFHVKAVMKTSVLLSWEIPENYNSAMPFKILYDDGKMVEEVDGRATQKLIVNLKPEKSYSFVLTNRGNSAGGLQHRVTAKTAPDVLRTKPAFIGKTNLDGMITVQLPDVPANENIKGYYIIIVPLKKSRGKFIKPWESPDEMELDELLKEISRKRRSIRYGREVELKPYIAAHFDVLPTEFTLGDDKHYGGFTNKQLQSGQEYVFFVLAVMDHAESKMYATSPYSDPVVSMDLDPQPITDEEEGLIWVVGPVLAVVFIICIVIAILLYKSKPDRKRAESESRKSSLPNSKEVPSHHPTDPVELRRLNFQTPGMASHPPIPILELADHIERLKANDNLKFSQEYESIDPGQQFTWEHSNLEVNKPKNRYANVIAYDHSRVLLSAIEGIPGSDYVNANYIDGYRKQNAYIATQGSLPETFGDFWRMIWEQRSATVVMMTKLEERSRVKCDQYWPSRGTETHGLVQVTLLDTVELATYCVRTFALYKNGSSEKREVRQFQFTAWPDHGVPEHPTPFLAFLRRVKTCNPPDAGPMVVHCSAGVGRTGCFIVIDAMLERIKHEKTVDIYGHVTLMRAQRNYMVQTEDQYIFIHDALLEAVTCGNTEVPARNLYAYIQKLTQIETGENVTGMELEFKRLASSKAHTSRFISANLPCNKFKNRLVNIMPYESTRVCLQPIRGVEGSDYINASFLDGYRQQKAYIATQGPLAETTEDFWRMLWEHNSTIVVMLTKLREMGREKCHQYWPAERSARYQYFVVDPMAEYNMPQYILREFKVTDARDGQSRTVRQFQFTDWPEQGVPKSGEGFIDFIGQVHKTKEQFGQDGPISVHCSAGVGRTGVFITLSIVLERMRYEGVVDIFQTVKMLRTQRPAMVQTEDQYQFCYRAALEYLGSFDHYAT
Nrxn3,ENS21,MSFTLHSVFFTLKVSIFLGSLVGLCLGLEFMGLPNQWARYLRWDASTRSDLSFQFKTNVSTGLLLYLDDGGVCDFLCLSLVDGRVQLRFSMDCAETTVLSNKQVNDSSWHFLMVSRDRVRTGLVIDGEGQSGELRPQRPYMDVVSDLFLGGVPADIRPSALTLDGVQSMPGFKGLMLDLKYGNSEPRLLGSQSVQLEAEGPCGERPCENGGICFLLDGHPTCDCSTTGYGGTLCSEDVSQGPGLSHLMMSEQAREENVATFRGSEYLCYDLSQNPIQSSSDEITLSFKTWQRNGLILHTGKSADYVNLALKDGAVSLVINLGSGAFEAIVEPVNGKFNDNAWHDVKVTRNLRQHSGIGHAMVTISVDGILTTTGYTQEDYTMLGSDDFFYVGGSPSTADLPGSPVSNNFMGCLKEVVYKNNDIRLELSRLARIGDTKMKIYGEVVFKCENVATLDPINFETPEAYISLPKWNTKRMGSISFDFRTTEPNGLILFTHGKPQERKDVRSQKNTKVDFFAVELLDGNLYLLLDMGSGTIKVKATQKKANDGEWYHVDIQRDGRSGTISVNSRRTPFTASGESEILDLEGDMYLGGLPENRAGLILPTELWTAMLNYGYVGCIRDLFIDGRSKNIRQLAEMQNAAGVKSSCSRMSAKQCDSYPCKNNAVCKDGWNRFICDCTGTGYWGRTCEREASILSYDGSMYMKVIMPMVMHTEAEDVSFRFMSQRAYGLLVATTSRDSADTLRLELDGGRVKLMVNLDCIRINCNSSKGPETLYAGQKLNDNEWHTVRVVRRGKSLKLTVDDDVAEGTMVGDHTRLEFHNIETGIMTEKRYISVVPSSFIGHLQSLMFNGLLYIDLCKNGDIDYCELKARFGLRNIIADPVTFKTKSSYLTLATLQAYTSMHLFFQFKTTSADGFILFNSGDGNDFIAVELVKGYIHYVFDLGNGPNVIKGNSDRPLNDNQWHNVVITRDSSNTHSLKVDTKVVTQVINGAKNLDLKGDLYMAGLAQGMYSNLPKLVASRDGFQGCLASVDLNGRLPDLINDALHRSGQIERGCEGPSTTCQEDSCANQGVCMQQWEGFTCDCSMTSYSGNQCNDPGATYIFGKSGGLILYTWPANDRPSTRSDRLAVGFSTTVKDGILVRIDSAPGLGDFLQLHIEQGKIGVVFNIGTVDISIKEERTPVNDGKYHVVRFTRNGGNATLQVDNWPVNEHYPTGNTDNERLQMVKQKIPFKYNRPVEEWLQEKGRQLTIFNTQAQIAIGGKDKGRLFQGQLSGLYYDGLKVLNMAAENNPNIKINGSVRLVGEVPSVSGTTQTTSMPPEMSTTVMETTTTMATTTTRKNRSTASIQPTSDDLVSSAECSSDDEDFVECEPSTGSKPHGARNQTGSGGLRGDPGVQQYNRDGRRHCGCCRPLHLDPPVRHVQVQEQGRGVLSSGRDEELHQQLGPEQRHAHEGEASQLQERP
Nrxn3,ENS22,MSFTLHSVFFTLKVSIFLGSLVGLCLGLEFMGLPNQWARYLRWDASTRSDLSFQFKTNVSTGLLLYLDDGGVCDFLCLSLVDGRVQLRFSMDCAETTVLSNKQVNDSSWHFLMVSRDRVRTGLVIDGEGQSGELRPQRPYMDVVSDLFLGGVPADIRPSALTLDGVQSMPGFKGLMLDLKYGNSEPRLLGSQSVQLEAEGPCGERPCENGGICFLLDGHPTCDCSTTGYGGTLCSEDVSQGPGLSHLMMSEQAREENVATFRGSEYLCYDLSQNPIQSSSDEITLSFKTWQRNGLILHTGKSADYVNLALKDGAVSLVINLGSGAFEAIVEPVNGKFNDNAWHDVKVTRNLRQHSGIGHAMVTISVDGILTTTGYTQEDYTMLGSDDFFYVGGSPSTADLPGSPVSNNFMGCLKEVVYKNNDIRLELSRLARIGDTKMKIYGEVVFKCENVATLDPINFETPEAYISLPKWNTKRMGSISFDFRTTEPNGLILFTHGKPQERKDVRSQKNTKVDFFAVELLDGNLYLLLDMGSGTIKVKATQKKANDGEWYHVDIQRDGRSGTISVNSRRTPFTASGESEILDLEGDMYLGGLPENRAGLILPTELWTAMLNYGYVGCIRDLFIDGRSKNIRQLAEMQNAAGVKSSCSRMSAKQCDSYPCKNNAVCKDGWNRFICDCTGTGYWGRTCEREASILSYDGSMYMKVIMPMVMHTEAEDVSFRFMSQRAYGLLVATTSRDSADTLRLELDGGRVKLMVNLDCIRINCNSSKGPETLYAGQKLNDNEWHTVRVVRRGKSLKLTVDDDVAEGTMVGDHTRLEFHNIETGIMTEKRYISVVPSSFIGHLQSLMFNGLLYIDLCKNGDIDYCELKARFGLRNIIADPVTFKTKSSYLTLATLQAYTSMHLFFQFKTTSADGFILFNSGDGNDFIAVELVKGYIHYVFDLGNGPNVIKGNSDRPLNDNQWHNVVITRDSSNTHSLKVDTKVVTQVINGAKNLDLKGDLYMAGLAQGMYSNLPKLVASRDGFQGCLASVDLNGRLPDLINDALHRSGQIERGCEGPSTTCQEDSCANQGVCMQQWEGFTCDCSMTSYSGNQCNDPGATYIFGKSGGLILYTWPANDRPSTRSDRLAVGFSTTVKDGILVRIDSAPGLGDFLQLHIEQGKIGVVFNIGTVDISIKEERTPVNDGKYHVVRFTRNGGNATLQVDNWPVNEHYPTGNTDNERLQMVKQKIPFKYNRPVEEWLQEKGRQLTIFNTQAQIAIGGKDKGRLFQGQLSGLYYDGLKVLNMAAENNPNIKINGSVRLVGEVPSVSGTTQTTSMPPEMSTTVMETTTTMATTTTRKNRSTASIQPTSDDLVSSAECSSDDEDFVECEPSTGSKPHGARNQTGSGGLRGDPGVQQYNRDGRRHCGCCRPLHLDPPVRHVQVQEQGRGVLSSGRDEELHQQLGPEQRHAHEGEASQLQERP
Nrxn3,ENS23,MSFTLHSVFFTLKVSIFLGSLVGLCLGLEFMGLPNQWARYLRWDASTRSDLSFQFKTNVSTGLLLYLDDGGVCDFLCLSLVDGRVQLRFSMDCAETTVLSNKQVNDSSWHFLMVSRDRVRTGLVIDGEGQSGELRPQRPYMDVVSDLFLGGVPADIRPSALTLDGVQSMPGFKGLMLDLKYGNSEPRLLGSQSVQLEAEGPCGERPCENGGICFLLDGHPTCDCSTTGYGGTLCSEDVSQGPGLSHLMMSEQAREENVATFRGSEYLCYDLSQNPIQSSSDEITLSFKTWQRNGLILHTGKSADYVNLALKDGAVSLVINLGSGAFEAIVEPVNGKFNDNAWHDVKVTRNLRQHSGIGHAMVTISVDGILTTTGYTQEDYTMLGSDDFFYVGGSPSTADLPGSPVSNNFMGCLKEVVYKNNDIRLELSRLARIGDTKMKIYGEVVFKCENVATLDPINFETPEAYISLPKWNTKRMGSISFDFRTTEPNGLILFTHGKPQERKDVRSQKNTKVDFFAVELLDGNLYLLLDMGSGTIKVKATQKKANDGEWYHVDIQRDGRSGTISVNSRRTPFTASGESEILDLEGDMYLGGLPENRAGLILPTELWTAMLNYGYVGCIRDLFIDGRSKNIRQLAEMQNAAGVKSSCSRMSAKQCDSYPCKNNAVCKDGWNRFICDCTGTGYWGRTCEREASILSYDGSMYMKVIMPMVMHTEAEDVSFRFMSQRAYGLLVATTSRDSADTLRLELDGGRVKLMVNLDCIRINCNSSKGPETLYAGQKLNDNEWHTVRVVRRGKSLKLTVDDDVAEGTMVGDHTRLEFHNIETGIMTEKRYISVVPSSFIGHLQSLMFNGLLYIDLCKNGDIDYCELKARFGLRNIIADPVTFKTKSSYLTLATLQAYTSMHLFFQFKTTSADGFILFNSGDGNDFIAVELVKGYIHYVFDLGNGPNVIKGNSDRPLNDNQWHNVVITRDSSNTHSLKVDTKVVTQVINGAKNLDLKGDLYMAGLAQGMYSNLPKLVASRDGFQGCLASVDLNGRLPDLINDALHRSGQIERGCEGPSTTCQEDSCANQGVCMQQWEGFTCDCSMTSYSGNQCNDPGATYIFGKSGGLILYTWPANDRPSTRSDRLAVGFSTTVKDGILVRIDSAPGLGDFLQLHIEQGKIGVVFNIGTVDISIKEERTPVNDGKYHVVRFTRNGGNATLQVDNWPVNEHYPTGNTDNERLQMVKQKIPFKYNRPVEEWLQEKGRQLTIFNTQAQIAIGGKDKGRLFQGQLSGLYYDGLKVLNMAAENNPNIKINGSVRLVGEVPSVSGTTQTTSMPPEMSTTVMETTTTMATTTTRKNRSTASIQPTSDDLVSSAECSSDDEDFVECEPSTGSKPHGARNQTGSGGLRGDPGVQQYNRDGRRHCGCCRPLHLDPPVRHVQVQEQGRGVLSSGRDEELHQQLGPEQRHAHEGEASQLQERP
Nrxn3,ENS24,MSFTLHSVFFTLKVSIFLGSLVGLCLGLEFMGLPNQWARYLRWDASTRSDLSFQFKTNVSTGLLLYLDDGGVCDFLCLSLVDGRVQLRFSMDCAETTVLSNKQVNDSSWHFLMVSRDRVRTGLVIDGEGQSGELRPQRPYMDVVSDLFLGGVPADIRPSALTLDGVQSMPGFKGLMLDLKYGNSEPRLLGSQSVQLEAEGPCGERPCENGGICFLLDGHPTCDCSTTGYGGTLCSEDVSQGPGLSHLMMSEQGRPTAREENVATFRGSEYLCYDLSQNPIQSSSDEITLSFKTWQRNGLILHTGKSADYVNLALKDGAVSLVINLGSGAFEAIVEPVNGKFNDNAWHDVKVTRNLRQVTISVDGILTTTGYTQEDYTMLGSDDFFYVGGSPSTADLPGSPVSNNFMGCLKEVVYKNNDIRLELSRLARIGDTKMKIYGEVVFKCENVATLDPINFETPEAYISLPKWNTKRMGSISFDFRTTEPNGLILFTHGKPQERKDVRSQKNTKVDFFAVELLDGNLYLLLDMGSGTIKVKATQKKANDGEWYHVDIQRDGRSGTISVNSRRTPFTASGESEILDLEGDMYLGGLPENRAGLILPTELWTAMLNYGYVGCIRDLFIDGRSKNIRQLAEMQNAAGVKSSCSRMSAKQCDSYPCKNNAVCKDGWNRFICDCTGTGYWGRTCEREASILSYDGSMYMKVIMPMVMHTEAEDVSFRFMSQRAYGLLVATTSRDSADTLRLELDGGRVKLMVNLDCIRINCNSSKGPETLYAGQKLNDNEWHTVRVVRRGKSLKLTVDDDVAEGTMVGDHTRLEFHNIETGIMTEKRYISVVPSSFIGHLQSLMFNGLLYIDLCKNGDIDYCELKARFGLRNIIADPVTFKTKSSYLTLATLQAYTSMHLFFQFKTTSADGFILFNSGDGNDFIAVELVKGYIHYVFDLGNGPNVIKGNSDRPLNDNQWHNVVITRDSSNTHSLKVDTKVVTQVINGAKNLDLKGDLYMAGLAQGMYSNLPKLVASRDGFQGCLASVDLNGRLPDLINDALHRSGQIERGCEGPSTTCQEDSCANQGVCMQQWEGFTCDCSMTSYSGNQCNDPGATYIFGKSGGLILYTWPANDRPSTRSDRLAVGFSTTVKDGILVRIDSAPGLGDFLQLHIEQGKIGVVFNIGTVDISIKEERTPVNDGKYHVVRFTRNGGNATLQVDNWPVNEHYPTGRQLTIFNTQAQIAIGGKDKGRLFQGQLSGLYYDGLKVLNMAAENNPNIKINGSVRLVGEVPSVSGTTQTTSMPPEMSTTVMETTTTMATTTTRKNRSTASIQPTSDDLVSSAECSSDDEDFVECEPSTEESFHFNLRRWLQSTCAQVGIQGL
Lphn2,ENS25,MLKIEVEQKVFVCPGTLKAIVDSPCIYEAEQKSGAWCKDPLQAADKIYFMPWTPYRTDTLIEYASLEDFQNSRQTTTYKLPNRVDGTGFVVYDGAVFFNKERTRNIVKFDLRTRIKSGEAIINYANYHDTSPYRWGGKTDIDLAVDENGLWVIYATEQNNGMIVISQLNPYTLRFEATWETAYDKRAASNAFMICGVLYVVRSVYQDNESEAGKNTIDYIYNTRLSRGEYVDVPFPNQYQYIAAVDYNPRDNQLYVWNNNFILRYSLEFGPPDPAQVPTTAVTITSSAELFKTTISTTSSASQRGPVSSTAAGPQDGSRGTKPPPAVSTTKIPPVTNIFPLPERFCEALDWKGIKWPQTQRGMMVERPCPKGTRGTASYLCMASTGTWNPKGPDLSNCTSHWVNQLAQKIRSGENAASLANELAKHTKGHVFAGDVSSSVRLMEQLVDILDAQLQELKPSEKDSAGRSYNKVGGAIVDTVDNLLRAEALESWKHMNSSEQAHTATMLLDTLEEGAFVLADNLLEPTRVSMPTENIVLEVAVLSTEGQVQDFKFPLGLKGLGSSIQLSANTVKQNSRNGLAKLVFIIYRSLGQFLSTENATIKLGADLMGRNSTIAVNSPVISVSINKESSRVYLTDPVLFTLPHIDPDNYFNANCSFWNYSERTMMGYWSTQGCKLVDTNKTRTTCACSHLTNFAILMAHREIAYKDGVHHLLLTVITWVGIVVSLVCLAICIFTFCFFRGLQSDRNTIHKNLCINLFIAEFIFLIGIDKTKYTIACPVFAGLLHFFFLAAFSWMCLEGVQLYLMLVEVFESEYSRKKYYYVAGYLFPATVVGVSAAIDYKSYGTVQACWLHVDNYFIWSFIGPVTFIILLNIIFLVITLCKMVKHSNTLKPDSSRLENIKSWVLGAFALLCLLGLTWSFGLLFVNEETVVMAYLFTAFNAFQGLFIFIFHCALQKKVRKEYGKCFRHWYCCGGLPTESPHSSVKASTTRTSARYSSGTQSRIRRMWNDTVRKQSESSFISGDINSTSTLNQGMTGNYLLTNPLLRPHGTNNPYNTLLAETVVCNAPSAPAFNSPGHSLNNARDTSAMDTLPLNGNFNNSYSLRKADYHDGVQVVDCGLSLNDTAFEKMIISELVHNNLRGGNKTHNLELKLPVKPVIGGSSSEDDAIVADASSLMHGDNPGLEFRHKELEAPLIPQRTHSLLYQPQKKVKPEATDSYVSQLTAEADDHLQSPNRDSLYTSMPNLRDSPYPESSPDMAEDLSPSRRSENEDIYYKSMPNLGAGRHLHMCYQISRGNSDGYIIPINKEGCIPEGDVREGQMQLVTSL
Nrcam,ENS26,MQLKIMPKKKHLSAGGVPLILFLCQMISALDVPLDPKLLHDLVQPPTITQQSPKDYIIDPRENIVIQCEAKGKPPPSFSWTRNGTHFDIDKDPLVTMKPGSGTLVINIMSEGKAETYEGVYQCTARNERGAAVSNNIVVRPSRSPLWTKERLEPIVLQNGQSLVLPCRPPIGLPPAIIFWMDNSFQRLPQSERVSQGLNGDLYFSNVLPEDTREDYICYARFNHTQTIQQKQPISLKVISVDELNDTIAANLSDTEFYGARDEAQGLTNTKQHSAMKPLLQLLYSKSSKERPPTFLTPEGNESHKEELRGNVLSLECIAEGLPTPIIYWIKEDGMLPANRTFYRNFKKTLQITHVSEADSGNYQCIAKNALGAVHHTISVTVKAAPYWIVAPQNLVLSPGENGTLICRANGNPKPRISWLTNGVPIEIALDDPSRKIDGDTIIFSNVQESSSAVYQCNASNKYGYLLANAFVNVLAEPPRILTSANTLYQVIANRPALLDCAFFGSPMPTIEWFKGTKGSALHEDIYVLHDNGTLEIPVAQKDSTGTYTCVARNKLGMAKNEVHLEIKDPTRIIKQPEYAVVQRGSKVSFECRVKHDHTLIPTIMWLKDNGELPNDERFSTDKDHLVVSDVKDDDGGTYTCTANTTLDSASASAVLRVVAPTPTPAPIYDVPNPPFDLELTNQLDKSVQLTWTPGDDNNSPITKFIIEYEDAMHDAGLWRHQAEVSGTQTTAQLKLSPYVNYSFRVMAENSIGRSMPSEASEQYLTKAAEPDQNPMAVEGLGTEPDNLVITWKPLNGFQSNGPGLQYKVSWRQKDGDDEWTSVVVANVSKYIVSGTPTFVPYLIKVQALNDVGFAPEPAAVMGHSGEDLPMVAPGNVRVSVVNSTLAEVHWDPVPPKSVRGHLQGYRIYYWKTQSSSKRNRRHIEKKILTFQGTKTHGMLPGLQPYSHYALNVRVVNGKGEGPASTDRGFHTPEGVPSAPSSLKIVNPTLDSLTLEWDPPSHPNGILTEYILQYQPINSTHELGPLVDLKIPANKTRWTLKNLNFSTRYKFYFYAQTSVGPGSQITEEAITTVDEAMASRQVDIATQGWFIGLMCAVALLILILLIVCFIRRNKGGKYPVKEKEDAHADPEIQPMKEDDGTFGEYSDAEDHKPLKKGSRTPSDRTVKKEDSDDSLVDYGEGVNGQFNEDGSFIGQYSGKKEKEPAEGNESSEAPSPVNAMNSFV
Adgrl2,ENS27,MYFLIHVPELTNTLKFNMNVSLTVIFVCPGTLKAIVDSPCIYEAEQKSGAWCKDPLQAADKIYFMPWTPYRTDTLIEYASLEDFQNSRQTTTYKLPNRVDGTGFVVYDGAVFFNKERTRNIVKFDLRTRIKSGEAIINYANYHDTSPYRWGGKTDIDLAVDENGLWVIYATEQNNGMIVISQLNPYTLRFEATWETAYDKRAASNAFMICGVLYVVRSVYQDNESEAGKNTIDYIYNTRLSRGEYVDVPFPNQYQYIAAVDYNPRDNQLYVWNNNFILRYSLEFGPPDPAQVPTTAVTITSSAELFKTTISTTSSASQRGPVSSTAAGPQDGSRGTKPPPAVSTTKIPPVTNIFPLPERFCEALDWKGIKWPQTQRGMMVERPCPKGTRGTASYLCMASTGTWNPKGPDLSNCTSHWVNQLAQKIRSGENAASLANELAKHTKGHVFAGDVSSSVRLMEQLVDILDAQLQELKPSEKDSAGRSYNKAIVDTVDNLLRAEALESWKHMNSSEQAHTATMLLDTLEEGAFVLADNLLEPTRVSMPTENIVLEVAVLSTEGQVQDFKFPLGLKGLGSSIQLSANTVKQNSRNGLAKLVFIIYRSLGQFLSTENATIKLGADLMGRNSTIAVNSPVISVSINKESSRVYLTDPVLFTLPHIDPDNYFNANCSFWNYSERTMMGYWSTQGCKLVDTNKTRTTCACSHLTNFAILMAHREIAYKDGVHHLLLTVITWVGIVVSLVCLAICIFTFCFFRGLQSDRNTIHKNLCINLFIAEFIFLIGIDKTKYTIACPVFAGLLHFFFLAAFSWMCLEGVQLYLMLVEVFESEYSRKKYYYVAGYLFPATVVGVSAAIDYKSYGTVQACWLHVDNYFIWSFIGPVTFIILLNIIFLVITLCKMVKHSNTLKPDSSRLENINNYRVCDGYYNTDLPGAPLSFSRSWVLGAFALLCLLGLTWSFGLLFVNEETVVMAYLFTAFNAFQGLFIFIFHCALQKKVRKEYGKCFRHWYCCGGLPTESPHSSVKASTTRTSARYSSGTQSRIRRMWNDTVRKQSESSFISGDINSTSTLNQGDINLNILLQD
Ncam1,ENS28,MQLKIMPKKKHLSAGGVPLILFLCQMISALDVPLDLVQPPTITQQSPKDYIIDPRENIVIQCEAKGKPPPSFSWTRNGTHFDIDKDPLVTMKPGSGTLVINIMSEGKAETYEGVYQCTARNERGAAVSNNIVVRPSRSPLWTKERLEPIVLQNGQSLVLPCRPPIGLPPAIIFWMDNSFQRLPQSERVSQGLNGDLYFSNVLPEDTREDYICYARFNHTQTIQQKQPISLKVISVDELNDTIAANLSDTEFYGAKSSKERPPTFLTPEGNESHKEELRGNVLSLECIAEGLPTPIIYWIKEDGMLPANRTFYRNFKKTLQITHVSEADSGNYQCIAKNALGAVHHTISVTVKAAPYWIVAPQNLVLSPGENGTLICRANGNPKPRISWLTNGVPIEIALDDPSRKIDGDTIIFSNVQESSSAVYQCNASNKYGYLLANAFVNVLAEPPRILTSANTLYQVIANRPALLDCAFFGSPMPTIEWFKGTKGSALHEDIYVLHDNGTLEIPVAQKDSTGTYTCVARNKLGMAKNEVHLEIKDPTRIIKQPEYAVVQRGSKVSFECRVKHDHTLIPTIMWLKDNGELPNDERFSTDKDHLVVSDVKDDDGGTYTCTANTTLDSASASAVLRVVDVPNPPFDLELTNQLDKSVQLTWTPGDDNNSPITKFIIEYEDAMHDAGLWRHQAEVSGTQTTAQLKLSPYVNYSFRVMAENSIGRSMPSEASEQYLTKAAEPDQNPMAVEGLGTEPDNLVITWKPLNGFQSNGPGLQYKVSWRQKDGDDEWTSVVVANVSKYIVSGTPTFVPYLIKVQALNDVGFAPEPAAVMGHSGEDLPGHQDSRHAARAAAIQSLCPQRPSGQRERGGPSQHGQRLPYTGGSP
Ncam1,ENS29,MQLKIMPKKKHLSAGGVPLILFLCQMISALDVPLDLVQPPTITQQSPKDYIIDPRENIVIQCEAKGKPPPSFSWTRNGTHFDIDKDPLVTMKPGSGTLVINIMSEGKAETYEGVYQCTARNERGAAVSNNIVVRPSRSPLWTKERLEPIVLQNGQSLVLPCRPPIGLPPAIIFWMDNSFQRLPQSERVSQGLNGDLYFSNVLPEDTREDYICYARFNHTQTIQQKQPISLKVISVDELNDTIAANLSDTEFYGAKSSKERPPTFLTPEGNESHKEELRGNVLSLECIAEGLPTPIIYWIKEDGMLPANRTFYRNFKKTLQITHVSEADSGNYQCIAKNALGAVHHTISVTVKAAPYWIVAPQNLVLSPGENGTLICRANGNPKPRISWLTNGVPIEIALDDPSRKIDGDTIIFSNVQESSSAVYQCNASNKYGYLLANAFVNVLAEPPRILTSANTLYQVIANRPALLDCAFFGSPMPTIEWFKGTKGSALHEDIYVLHDNGTLEIPVAQKDSTGTYTCVARNKLGMAKNEVHLEIKDPTRIIKQPEYAVVQRGSKVSFECRVKHDHTLIPTIMWLKDNGELPNDERFSTDKDHLVVSDVKDDDGGTYTCTANTTLDSASASAVLRVVDVPNPPFDLELTNQLDKSVQLTWTPGDDNNSPITKFIIEYEDAMHDAGLWRHQAEVSGTQTTAQLKLSPYVNYSFRVMAENSIGRSMPSEASEQYLTKAAEPDQNPMAVEGLGTEPDNLVITWKPLNGFQSNGPGLQYKVSWRQKDGDDEWTSVVVANVSKYIVSGTPTFVPYLIKVQALNDVGFAPEPAAVMGHSGEDLPGHQDSRHAARAAAIQSLCPQRPSGQRERGGPSQHGQRLPYTGGSP
Nrxn3,ENS30,MSFTLHSVFFTLKVSIFLGSLVGLCLGLEFMGLPNQWARYLRWDASTRSDLSFQFKTNVSTGLLLYLDDGGVCDFLCLSLVDGRVQLRFSMDCAETTVLSNKQVNDSSWHFLMVSRDRVRTGLVIDGEGQSGELRPQRPYMDVVSDLFLGGVPADIRPSALTLDGVQSMPGFKGLMLDLKYGNSEPRLLGSQSVQLEAEGPCGERPCENGGICFLLDGHPTCDCSTTGYGGTLCSEDVSQGPGLSHLMMSEQAREENVATFRGSEYLCYDLSQNPIQSSSDEITLSFKTWQRNGLILHTGKSADYVNLALKDGAVSLVINLGSGAFEAIVEPVNGKFNDNAWHDVKVTRNLRQHSGIGHAMVTISVDGILTTTGYTQEDYTMLGSDDFFYVGGSPSTADLPGSPVSNNFMGCLKEVVYKNNDIRLELSRLARIGDTKMKIYGEVVFKCENVATLDPINFETPEAYISLPKWNTKRMGSISFDFRTTEPNGLILFTHGKPQERKDVRSQKNTKVDFFAVELLDGNLYLLLDMGSGTIKVKATQKKANDGEWYHVDIQRDGRSGTISVNSRRTPFTASGESEILDLEGDMYLGGLPENRAGLILPTELWTAMLNYGYVGCIRDLFIDGRSKNIRQLAEMQNAAGVKSSCSRMSAKQCDSYPCKNNAVCKDGWNRFICDCTGTGYWGRTCEREASILSYDGSMYMKVIMPMVMHTEAEDVSFRFMSQRAYGLLVATTSRDSADTLRLELDGGRVKLMVNLDCIRINCNSSKGPETLYAGQKLNDNEWHTVRVVRRGKSLKLTVDDDVAEGTMVGDHTRLEFHNIETGIMTEKRYISVVPSSFIGHLQSLMFNGLLYIDLCKNGDIDYCELKARFGLRNIIADPVTFKTKSSYLTLATLQAYTSMHLFFQFKTTSADGFILFNSGDGNDFIAVELVKGYIHYVFDLGNGPNVIKGNSDRPLNDNQWHNVVITRDSSNTHSLKVDTKVVTQVINGAKNLDLKGDLYMAGLAQGMYSNLPKLVASRDGFQGCLASVDLNGRLPDLINDALHRSGQIERGCEGPSTTCQEDSCANQGVCMQQWEGFTCDCSMTSYSGNQCNDPGATYIFGKSGGLILYTWPANDRPSTRSDRLAVGFSTTVKDGILVRIDSAPGLGDFLQLHIKQSSEADQSENKTRNCSQSL
Nrxn3,ENS31,MSFTLHSVFFTLKVSIFLGSLVGLCLGLEFMGLPNQWARYLRWDASTRSDLSFQFKTNVSTGLLLYLDDGGVCDFLCLSLVDGRVQLRFSMDCAETTVLSNKQVNDSSWHFLMVSRDRVRTGLVIDGEGQSGELRPQRPYMDVVSDLFLGGVPADIRPSALTLDGVQSMPGFKGLMLDLKYGNSEPRLLGSQSVQLEAEGPCGERPCENGGICFLLDGHPTCDCSTTGYGGTLCSEDVSQGPGLSHLMMSEQAREENVATFRGSEYLCYDLSQNPIQSSSDEITLSFKTWQRNGLILHTGKSADYVNLALKDGAVSLVINLGSGAFEAIVEPVNGKFNDNAWHDVKVTRNLRQHSGIGHAMVTISVDGILTTTGYTQEDYTMLGSDDFFYVGGSPSTADLPGSPVSNNFMGCLKEVVYKNNDIRLELSRLARIGDTKMKIYGEVVFKCENVATLDPINFETPEAYISLPKWNTKRMGSISFDFRTTEPNGLILFTHGKPQERKDVRSQKNTKVDFFAVELLDGNLYLLLDMGSGTIKVKATQKKANDGEWYHVDIQRDGRSGTISVNSRRTPFTASGESEILDLEGDMYLGGLPENRAGLILPTELWTAMLNYGYVGCIRDLFIDGRSKNIRQLAEMQNAAGVKSSCSRMSAKQCDSYPCKNNAVCKDGWNRFICDCTGTGYWGRTCEREASILSYDGSMYMKVIMPMVMHTEAEDVSFRFMSQRAYGLLVATTSRDSADTLRLELDGGRVKLMVNLDCIRINCNSTGATYIFGKSGGLILYTWPANDRPSTRSDRLAVGFSTTVKDGILVRIDSAPGLGDFLQLHIEQGKIGVVFNIGTVDISIKEERTPVNDGKYHVVRFTRNGGNATLQVDNWPVNEHYPTGRQLTIFNTQAQIAIGGKDKGRLFQGQLSGLYYDGLKVLNMAAENNPNIKINGSVRLVGEVPSVSGTTQTTSMPPEMSTTVMETTTTMATTTTRKNRSTASIQPTSDDLVSSAECSSDDEDFVECEPSTGGELVIPLLVEDPLATPPIATRVPSITLPPTFRPLLTIIETTKDSLSMTSEAGLPCLSDQGSDGCDDDGLVISGYGSGETFDSNLPPTDDEDFYTTFSLVTDKSLSTSIFEGGYKAHAPKWESKDFRPNKVSETSRTTTTSLSPELIRFTASSSSGMVPKLPAGKMNNRDLKPQPDIVLLPLPTAYELDSTKLKSPLITSPMFRNVPTANPTEPGIRRVPGASEVIRESSSTTGMVVGIVAAAALCILILLYAMYKYRNRDEGSYQVDETRNYISNSAQSNGTLMKEKQASSKSGHKKQKNKDKEYYV
Cdon,ENS32,MWWMLVLNSGLCARQDSPSRIASPGPDYILLPSPGNYIILPSGNLQVLNVSSKDKGSYKCAAYNPVTSELKVEPTGRKLLVSRPSSNGFHILHPALSQALAVLPHSPVTLECVVSGVPASQVYWLKDGQDAVAGSNWRRLYSHLATASIDPADSGNYSCVVGNKSGDVKHVTYMVNVLEHASISKGLHDQKVSLGATVHFTCDVHGNPAPNRTWFHNAQPIHPSSRHLTEGNVLKITRVVMEDSGLYQCVADNGIGFMQSTGRLQIEQDSGWKPVIVTAPANIEVMDGDFVTLSCNATGVPVPVIHWYGRHGLITSHPSQVLRSKPRKSHLFRPGDLDLEPVYLIMSQAGSSSLSIQAVTLEHAGKYTCEATNKHGSTQSEAFLTVGESFSAFFSSVEQCPF
Ptprs,ENS33,MRLGGHAHCYAPPAFLRSRAVSAAAAAGTGDRAGRAGPGRKAEGTADHRDNRGRPTRPLASARFLLGHLSLSPCLPPPSVSPKNFKVKMIMKTSVLLSWEFPDNYNSPTPYKIQYNGLTLDVDGRTTKKLITHLKPHTFYNFVLTNRGSSLGGLQQTVTARTAFNMLSGKPSVAPKPDNDGFIVVYLPDGQSPVTVQNYFIVMVPLRKSRGGQFPVLLGSPEDMDLEELIQDISRLQRRSLRHSRQLEVPRPYIAARFSILPAVFHPGNQKQYGGFDNRGLEPGHRYVLFVLAVLQKNEPTFAASPFSDPFQLDNPDPQPIVDGEEGLIWVIGPVLAVVFIICIVIAILLYKNKPDSKRKDSEPRTKCLLNNADLAPHHPKDPVEMRRINFQTPGMLSHPPIPITDMAEHMERLKANDSLKLSQEYESIDPGQQFTWEHSNLEANKPKNRYANVIAYDHSRVILQPLEGIMGSDYINANYVDGYRRQNAYIATQGPLPETFGDFWRMVWEQRSATVVMMTRLEEKSRIKCDQYWPNRGTETYGFIQVTLLDTMELATFCVRTFSLHKNGSSEKREVRHFQFTAWPDHGVPEYPTPFLAFLRRVKTCNPPDAGPIVVHCSAGVGRTGCFIVIDAMLERIKTEKTVDVYGHVTLMRSQRNYMVQTEDQYGFIHEALLEAVGCGNTEVPARSLYTYIQKLAQVEPGEHVTGMELEFKRLASSKAHTSRFITASLPCNKFKNRLVNILPYESSRVCLQPIRGVEGSDYINASFIDGYRQQKAYIATQGPLAETTEDFWRALWENNSTIVVMLTKLREMGREKCHQYWPAERSARYQYFVVDPMAEYNMPQYILREFKVTDARDGQSRTVRQFQFTDWPEQGAPKSGEGFIDFIGQVHKTKEQFGQDGPISVHCSAGVGRTGVFITLSIVLERMRYEGVVDIFQTVKVLRTQRPAMVQTEDEYQFCFQAALEYLGSFDHYAT
Dscam,ENS34,MWILALSLFQSFANVFSEEPHSSLYFVNASLQEVVFASTSGTLVPCPAAGIPPVTLRWYLATGEEIYDVPGIRHVHPNGTLQIFPFPPSSFSTLIHDNTYYCTAENPSGKIRSQDVHIKAVLREPYTVRVEDQKTMRGNVAVFKCIIPSSVEAYVTVVSWEKDTVSLVSGSRFLITSTGALYIKDVQNEDGLYNYRCITRHRYTGETRQSNSARLFVSDPANSAPSILDGFDHRKAMAGQRVELPCKALGHPEPDYRWLKDNMPLELSGRFQKTVTGLLIENSRPSDSGSYVCEVSNRYGTAKVIGRLYVKQPLKATISPRKVKSSVGSQVSLSCSVTGNEDQELSWYRNGEILNPGKNVRITGLNHANLIMDHMVKSDGGAYQCFVRKDKLSAQDYVQVVLEDGTPKIISAFSEKVVSPAEPVSLVCNVKGTPLPTVTWTLDDDPILKGSGHRISQMITSEGNVVSYLNISSSQVRDGGVYRCTANNSAGVVLYQARINVRGPASIRPMKNITAIAGRDTYIHCRVIGYPYYSIKWYKNANLLPFNHRQVAFENNGTLKLSDVQKEVDEGEYTCNVLVQPQLSTSQSVHVTVKVPPFIQPFEFPRFSIGQRVFIPCVVVSGDLPITITWQKDGRPIPASLGVTIDNIDFTSSLRISNLSLMHNGNYTCIARNEAAAVEHQSQLIVRVPPKFVVQPRDQDGIYGKAVILNCSAEGYPVPTIVWKFSKGAGVPQFQPIALNGRIQVLSNGSLLIKHVVEEDSGYYLCKVSNDVGADVSKSMYLTVKIPAMITSYPNTTLATQGQRKEMSCTAHGEKPIIVRWEKEDRIINPEMARYLVSTKEVGEEVISTLQILPTVREDSGFFSCHAINSYGEDRGIIQLTVQEPPDPPEIEIKDVKARTITLRWTMGFDGNSPITGYDIECKNKSDSWDSAQRTKDVSPQLNSATIIDIHPSSTYSIRMYAKNRIGKSEPSNEITITADEAAPDGPPQEVHLEPTSSQSIRVTWKAPKKHLQNGIIRGYQIGYREYSTGGNFQFNIISIDTTGDSEVYTLDNLNKFTQYGLVVQACNRAGTGPSSQEIITTTLEDVPSYPPENVQAIATSPESISISWSTLSKEALNGILQGFRVIYWANLIDGELGEIKNVTTTQPSLELDGLEKYTNYSIQVLAFTRAGDGVRSEQIFTRTKEDVPGPPAGVKAAAASASMVFVSWLPPLKLNGIIRKYTVFCSHPYPTVISEFEASPDSFSYRIPNLSRNRQYSVWVVAVTSAGRGNSSEIITVEPLAKAPARILTFSGTVTTPWMKDIVLPCKAVGDPSPAVKWMKDSNGTPSLVTIDGRRSIFSNGSFIIRTVKAEDSGYYSCVANNNWGSDEIILNLQVQVPPDQPRLTVSKTTSSSITLSWLPGDNGGSSIRGYILQYSEDNSEQWGSFPISPSERSYRLENLKCGTWYKFTLTAQNGVGPGRISEIIEAKTLGKEPQFSKEQELFASINTTRVRLNLIGWNDGGCPITSFTLEYRPFGTTVWTTAQRTSLSKSYILYDLQEATWYELQMRVCNSAGCAEKQANFATLNYDGSKLTASWRSCLWLGDVHTYTIHSPTRHLSLPQSEQCLHSTLGFGPLSPLSAGSLVRCTQMTTSVCLE
Egflam,ENS35,MDSMVIKGLDPDTNYQFAVKAMNAHGFSPRSWPSNTVRTLGPGEAGSGHYGPGYITNPGVSEDDDGSEDELDLDVSFEEVKPLPATKVGNKKFSVESKKTSVSNSVMGSRLAQPTSASLHETTVAIPPTPAQRKGKNSVAMMSRLFDMSCDETLCSADSFCVNDYAWGGSRCHCNLGKGGEACSEDIFIQYPQFFGHSYVTFEPLKNSYQAFQVTLEFRAEAEDGLLLYCGESEHGRGDFMSLALIRRSLHFRFNCGTGIAIIISETKIKLGAWHTVTLYRDGLNGMLQLNNGTPVTGQSQGQYSKITFRTPLYLGGAPSAYWLVRATGTNRGFQGCVQSLSVNGKKIDMRPWPLGKALNGADVGECSSGICDEASCIHGGTCAAIKADSYICLCPLGFRGRHCEDAFALTIPQFRESLRSYAATPWPLEPQHYLSFTEFEITFRPDSGDGVLLYSYDTGSKDFLSINMAAGHVEFRFDCGSGTGVLRSEAPLTLGQWHDLRVSRTAKNGILQVDKQKVVEGMAEGGFTQIKCNTDIFIGGVPNYDDVKKNSGILHPFSGSIQKIILNDRTIHVKHDFTSGVNVENAAHPCVGAPCAHGGSCRPRKEGYECDCPLGFEGLNCQKECGNHCLNTIIEAIEIPQFIGRSYLTYDNPNILKRAWKNVTCPWGFQGSRLRGRRNWMPLELEYDHIRHPHL
Cadm1,ENS36,MHPDLGPLWTLLYVLVILCSSVSSDLAPYFISEPLSAVQKLGRPVVLHCSAKPVTARISWLHNGKRLDRNTEQIKIHRGTLTILSLNPSLSGCYQCVANNSVGAVVSGPATVSAAALGDFDSSTMHVITAEEKNTGFIGCRVPESNPKAEVRYKIRGKWLKHSTGNYIILPSGNLQVLNVSSKDKGSYKCAAYNPVTSELKVEPTGRKLLVSRPSSNGFHILHPALSQALAVLPHSPVTLECVVSGVPASQVYWLKDGQDAVAGSNWRRLYSHLATASIDPADSGNYSCVVGNKSGDVKHVTYMVNVLEHASISKGLHDQKVSLGATVHFTCDVHGNPAPNRTWFHNAQPIHPSSRHLTEGNVLKITRVVMEDSGLYQCVADNGIGFMQSTGRLQIEQDSGWKPVIVTAPANIEVMDGDFVTLSCNATGVPVPVIHWYGRHGLITSHPSQVLRSKPRKSHLFRPGDLDLEPVYLIMSQAGSSSLSIQAVTLEHAGKYTCEATNKHGSTQSEAFLTVVPFETNTKAESVTPSEASQNDERDPQDGSESSLLNLFPVKVHPSGVELPAERNASVPDAPNILSPPQTHMPDTYNLVWRAGRDGGMPINAYFVKYRKLDDGSGAVGSWHTVRVPGSENELHLTELEPSSLYEVLMVARSAVGEGQPAMLTFRTSKEKMASSKNTQASFPPVGVPKRPVTAEASNSNFGVVLTDSSRHSGVENNISQRHQIDLLSLWRRRPQSMSPGFPEQMVALPSPPSRWNING
